{
  "users": {
    "user_id": "ObjectId",
    "name": "String",
    "email": "String",
    "password_hash": "String",
    "address": {
      "street": "String",
      "city": "String",
      "zip": "String"
    },
    "created_at": "Date"
  },
  "products": {
    "product_id": "ObjectId",
    "title": "String",
    "description": "String",
    "price": "Decimal",
    "category": "String",
    "tags": ["String"],
    "images": ["URL"],
    "stock": "Integer",
    "vendor_id": "ObjectId",
    "created_at": "Date"
  },
  "orders": {
    "order_id": "ObjectId",
    "user_id": "ObjectId",
    "items": [
      {
        "product_id": "ObjectId",
        "quantity": "Integer",
        "price": "Decimal"
      }
    ],
    "status": "String",
    "total": "Decimal",
    "created_at": "Date"
  },
  "reviews": {
    "review_id": "ObjectId",
    "product_id": "ObjectId",
    "user_id": "ObjectId",
    "rating": "Integer",
    "comment": "String",
    "created_at": "Date"
  },
  "likes": {
    "user_id": "ObjectId",
    "product_id": "ObjectId",
    "created_at": "Date"
  }
}
