[
  {
    "collection": "users",
    "documents": [
      {
        "_id": {
          "$oid": "f029292245d9487693c1cb63"
        },
        "name": "Jane Doe",
        "email": "jane@example.com",
        "password_hash": "hashed_pw_jane",
        "address": {
          "street": "100 Main St",
          "city": "Springfield",
          "zip": "12340"
        },
        "created_at": "2025-05-07T13:09:03.173708Z"
      },
      {
        "_id": {
          "$oid": "de1cd1b9efd045918ed1f9ce"
        },
        "name": "John Smith",
        "email": "john@example.com",
        "password_hash": "hashed_pw_john",
        "address": {
          "street": "101 Main St",
          "city": "Springfield",
          "zip": "12341"
        },
        "created_at": "2025-05-12T13:09:03.173728Z"
      },
      {
        "_id": {
          "$oid": "7ea4e6f6973a4a689f157621"
        },
        "name": "Alice Johnson",
        "email": "alice@example.com",
        "password_hash": "hashed_pw_alice",
        "address": {
          "street": "102 Main St",
          "city": "Springfield",
          "zip": "12342"
        },
        "created_at": "2025-05-17T13:09:03.173735Z"
      }
    ]
  },
  {
    "collection": "products",
    "documents": [
      {
        "_id": {
          "$oid": "66888f04d55a4c82a31df5f1"
        },
        "title": "Wireless Mouse",
        "description": "Ergonomic and silent",
        "price": 29.99,
        "category": "Electronics",
        "tags": [
          "gadgets",
          "peripherals"
        ],
        "images": [
          "http://example.com/img/mouse.png"
        ],
        "stock": 39,
        "vendor_id": {
          "$oid": "f029292245d9487693c1cb63"
        },
        "created_at": "2025-05-12T13:09:03.173963Z"
      },
      {
        "_id": {
          "$oid": "5b326acce1fa421c958e4643"
        },
        "title": "Laptop Stand",
        "description": "Adjustable and durable",
        "price": 49.99,
        "category": "Accessories",
        "tags": [
          "office",
          "ergonomics"
        ],
        "images": [
          "http://example.com/img/stand.png"
        ],
        "stock": 138,
        "vendor_id": {
          "$oid": "de1cd1b9efd045918ed1f9ce"
        },
        "created_at": "2025-05-15T13:09:03.173972Z"
      },
      {
        "_id": {
          "$oid": "94a9675b110c47bfb76aa41b"
        },
        "title": "Bluetooth Keyboard",
        "description": "Compact and wireless",
        "price": 39.99,
        "category": "Electronics",
        "tags": [
          "keyboard",
          "wireless"
        ],
        "images": [
          "http://example.com/img/keyboard.png"
        ],
        "stock": 108,
        "vendor_id": {
          "$oid": "7ea4e6f6973a4a689f157621"
        },
        "created_at": "2025-05-18T13:09:03.173978Z"
      }
    ]
  },
  {
    "collection": "orders",
    "documents": [
      {
        "_id": {
          "$oid": "3f8f17075741485d9ed2c792"
        },
        "user_id": {
          "$oid": "f029292245d9487693c1cb63"
        },
        "items": [
          {
            "product_id": {
              "$oid": "66888f04d55a4c82a31df5f1"
            },
            "quantity": 3,
            "price": 29.99
          }
        ],
        "status": "Processing",
        "total": 89.97,
        "created_at": "2025-05-17T13:09:03.174576Z"
      },
      {
        "_id": {
          "$oid": "827f803e1e0f416489479906"
        },
        "user_id": {
          "$oid": "de1cd1b9efd045918ed1f9ce"
        },
        "items": [
          {
            "product_id": {
              "$oid": "5b326acce1fa421c958e4643"
            },
            "quantity": 3,
            "price": 49.99
          }
        ],
        "status": "Processing",
        "total": 99.98,
        "created_at": "2025-05-19T13:09:03.174659Z"
      },
      {
        "_id": {
          "$oid": "7d3d9601bd924bc6b98e8e39"
        },
        "user_id": {
          "$oid": "7ea4e6f6973a4a689f157621"
        },
        "items": [
          {
            "product_id": {
              "$oid": "94a9675b110c47bfb76aa41b"
            },
            "quantity": 2,
            "price": 39.99
          }
        ],
        "status": "Processing",
        "total": 119.97,
        "created_at": "2025-05-21T13:09:03.174721Z"
      }
    ]
  },
  {
    "collection": "reviews",
    "documents": [
      {
        "_id": {
          "$oid": "33d25fc1b4f84c378079eff3"
        },
        "product_id": {
          "$oid": "66888f04d55a4c82a31df5f1"
        },
        "user_id": {
          "$oid": "f029292245d9487693c1cb63"
        },
        "rating": 4,
        "comment": "Loved the wireless mouse, works great!",
        "created_at": "2025-05-19T13:09:03.174999Z"
      },
      {
        "_id": {
          "$oid": "eb0af2e246e545daa027e47a"
        },
        "product_id": {
          "$oid": "5b326acce1fa421c958e4643"
        },
        "user_id": {
          "$oid": "de1cd1b9efd045918ed1f9ce"
        },
        "rating": 5,
        "comment": "Loved the laptop stand, works great!",
        "created_at": "2025-05-21T13:09:03.175029Z"
      },
      {
        "_id": {
          "$oid": "a338f2936c3e41129da13d84"
        },
        "product_id": {
          "$oid": "94a9675b110c47bfb76aa41b"
        },
        "user_id": {
          "$oid": "7ea4e6f6973a4a689f157621"
        },
        "rating": 4,
        "comment": "Loved the bluetooth keyboard, works great!",
        "created_at": "2025-05-23T13:09:03.175041Z"
      }
    ]
  },
  {
    "collection": "likes",
    "documents": [
      {
        "user_id": {
          "$oid": "f029292245d9487693c1cb63"
        },
        "product_id": {
          "$oid": "5b326acce1fa421c958e4643"
        },
        "created_at": "2025-05-20T13:09:03.175126Z"
      },
      {
        "user_id": {
          "$oid": "de1cd1b9efd045918ed1f9ce"
        },
        "product_id": {
          "$oid": "94a9675b110c47bfb76aa41b"
        },
        "created_at": "2025-05-21T13:09:03.175132Z"
      },
      {
        "user_id": {
          "$oid": "7ea4e6f6973a4a689f157621"
        },
        "product_id": {
          "$oid": "66888f04d55a4c82a31df5f1"
        },
        "created_at": "2025-05-22T13:09:03.175137Z"
      }
    ]
  }
]